n,m,avg_pp,var_pp,medi_pp,ci_pp,min_pp,max_pp,avg_interp
2,2,0.31487266431666083,0.001376457329744695,0.3007764741778375,0.11441777041181955,0.296581082046032,0.443075861781836,278.67475
4,4,0.16953596975654367,1.2541671660016866e-05,0.1686136946082115,0.004796501901001088,0.167741121724248,0.197427647188306,144.64175
8,8,0.09727770671662357,1.390233662860225e-05,0.09652417711913586,0.0037189494818448965,0.0958988294005394,0.130484262481332,80.0880875
16,16,0.0637999396978153,2.0813806405446578e-07,0.06366491131484509,0.0013154070824384773,0.06333781033754349,0.0658694114536047,42.860806249999996
32,32,0.06365691549662086,0.00011659454427514064,0.059314035810530186,0.0318301063030958,0.05876096710562706,0.102597905322909,39.401762500000004
64,64,0.03645626502111554,9.611648963925904e-06,0.03557103220373392,0.00963594722561538,0.03433149214833975,0.0531714204698801,14.695504687500001
128,128,0.036765237142228416,0.0005944362186055359,0.021393969189375635,0.06772273890674113,0.01971595268696547,0.110666441731155,7.596355625
256,256,0.07571100962037844,0.011480933196554997,0.04755785455927253,0.31690066694282,0.01291784644126892,0.509599443525076,5.3319562109375
512,512,0.015265589228106875,0.0008566229230719001,0.009859955869615078,0.004361363127827644,0.009623227640986443,0.212153293192387,3.496760224609375
