n,m,avg_pp,var_pp,medi_pp,ci_pp,min_pp,max_pp,avg_interp
2,2,2.376457257899973,0.5099990002953294,2.016482573002575,1.8951965532265596,1.71473537199199,3.79464165493846,324.58643444906926
4,4,2.313234515964157,0.6802898965438442,1.898539673537015,2.1410213138908185,1.53520904481411,4.21207353845239,266.4480090267025
8,8,2.083691394329071,0.5225136944938095,1.643385322764515,1.9201911197043924,1.39607060700655,3.51927968300879,222.4686358935433
16,16,2.0839300323381194,0.8057044988059484,1.560582634061575,2.4177765619009786,1.2243339503184,4.55233762413263,160.58137925568735
32,32,1.668114592859314,0.026131055127208105,1.6767482878640299,0.49932152489200243,1.41591146588326,1.9849259108305,190.43472477569588
64,64,1.435534363860885,0.03199009071899308,1.451157147530465,0.552050062501805,1.18238596059382,1.99358727224171,70.03315829100029
128,128,1.5811165451589557,0.019741622098080763,1.56481582019478,0.45253445925191227,1.35099853761494,1.86872265860438,36.67635744214931
256,256,1.415995315276086,0.021495991223922074,1.40067803906277,0.42250665505416984,1.1865772716701,1.86784426495433,16.97115414439577
512,512,1.7168846598515906,0.03325569512362608,1.72021484747529,0.565771143417803,1.42724581435323,2.07998340204358,12.172763499656408
