n,m,avg_interp,min_interp,max_interp
2,2,486.9309260335752,485.79230677988403,487.96890258323447
4,4,515.1884207264054,512.6555193765087,517.3827583538371
8,8,464.4527588422061,463.2641082946211,465.96763275726715
16,16,356.6125258063781,355.4223051025766,357.4865237476768
32,32,386.20919084404596,381.9362719987985,392.8653953079483
64,64,177.229975010411,175.07332082392531,179.89049251627875
128,128,69.01677604372671,68.15573633162421,70.29270893806824
256,256,28.881472701086658,28.55767482723786,29.57040164196405
512,512,19.13375702272824,18.579530887378496,22.787537021129538
